id;nom_app;password;action;status;message;date_demande;date_retour;user
1;online Soft;quantifying multi-byte;Home;ubiquitous generation;Ingenieur;2022-05-11;2022-05-11;deposit Superviseur Franc
2;mint;Phased;SDD input;Zambie;Seamless embrace reboot;2022-05-11;2022-05-10;up Ingenieur Boliviano
3;Toys;b alarm;Industrial drive calculate;interfaces Maroc Licensed;deposit;2022-05-11;2022-05-11;salmon Auto azure
4;interface cross-platform Îles;Personal Consultant Profit-focused;b;c;Handmade;2022-05-10;2022-05-11;Consultant Surinam Awesome
5;morph orchestrate a;Franche-Comté Berkshire lime;virtual quantify;Rubber;Chips;2022-05-11;2022-05-11;FTP Stagiaire
6;Leone fuchsia Intelligent;Directeur XML edge;services XSS;violet Card;Tasty;2022-05-11;2022-05-10;e-tailers programming high-level
7;Shoes embrace portals;gold parse Zadkine;b SMS sticky;iterate Automotive up;interface Tasty;2022-05-11;2022-05-10;Euro
8;Electronics;Laffitte;Practical;web-enabled capacity;Inverse a;2022-05-10;2022-05-10;GB Grands
9;dynamic compress auxiliary;c Gloves vertical;Costa Bourgogne Refined;Suède Trinité-et-Tobago;Unbranded Shirt;2022-05-11;2022-05-10;intranet
10;partnerships PNG Savings;Sports online e-business;Éthiopie neural Tools;Auvergne;withdrawal Sports République;2022-05-11;2022-05-10;Bac Electronics
